{
  "project_info": {
    "project_number": "309122077705",
    "project_id": "eventtrackappfire",
    "storage_bucket": "eventtrackappfire.firebasestorage.app"
  },
  "client": [
    {
      "client_info": {
        "mobilesdk_app_id": "1:309122077705:android:c20f5758e67f184574d4d8",
        "android_client_info": {
          "package_name": "com.example.eventtrackapp"
        }
      },
      "oauth_client": [],
      "api_key": [
        {
          "current_key": "AIzaSyD9ti_mMOx9XGDrU3CAUzieDSN08CNY3ww"
        }
      ],
      "services": {
        "appinvite_service": {
          "other_platform_oauth_client": []
        }
      }
    }
  ],
  "configuration_version": "1"
}